[{"_id":"65d9a912eaa4ad00131e5cd2","firstName":"abc","lastName":"def","owner":"65d42f49b421ff00138765fe","__v":0},{"_id":"65d6f5d1f156650013d4e01f","firstName":"uuu","lastName":"vvv","owner":"65d42f49b421ff00138765fe","__v":0},{"_id":"65d6fb43b58fd7001362ead4","firstName":"uuu","lastName":"vvv","owner":"65d42f49b421ff00138765fe","__v":0},{"_id":"65d6fc03f156650013d4e046","firstName":"uuu","lastName":"vvv","owner":"65d42f49b421ff00138765fe","__v":0},{"_id":"65d70e97b58fd7001362ec74","firstName":"uuu","lastName":"vvv","owner":"65d42f49b421ff00138765fe","__v":0},{"_id":"65d70e99f156650013d4e1ad","firstName":"uuu","lastName":"vvv","owner":"65d42f49b421ff00138765fe","__v":0},{"_id":"65d70e9ef156650013d4e1ae","firstName":"uuu","lastName":"vvv","owner":"65d42f49b421ff00138765fe","__v":0},{"_id":"65d71b62b58fd7001362eda4","firstName":"uuu","lastName":"vvv","owner":"65d42f49b421ff00138765fe","__v":0},{"_id":"65d72081b58fd7001362edc6","firstName":"uuu","lastName":"vvv","owner":"65d42f49b421ff00138765fe","__v":0},{"_id":"65d72109b58fd7001362edd0","firstName":"uuu","lastName":"vvv","owner":"65d42f49b421ff00138765fe","__v":0},{"_id":"65d9854cc0d7050013a342ef","firstName":"wxy","lastName":"yxw","owner":"65d42f49b421ff00138765fe","__v":0},{"_id":"65d9871deaa4ad00131e5abf","firstName":"wxy","lastName":"yxw","owner":"65d42f49b421ff00138765fe","__v":0},{"_id":"65d9a1c6eaa4ad00131e5c06","firstName":"wxy","lastName":"yxw","owner":"65d42f49b421ff00138765fe","__v":0},{"_id":"65d9a286eaa4ad00131e5c2c","firstName":"wxy","lastName":"yxw","owner":"65d42f49b421ff00138765fe","__v":0},{"_id":"65d9a295eaa4ad00131e5c31","firstName":"wxy","lastName":"yxw","owner":"65d42f49b421ff00138765fe","__v":0},{"_id":"65d9a2a4c0d7050013a34458","firstName":"wxy","lastName":"yxw","owner":"65d42f49b421ff00138765fe","__v":0},{"_id":"65d9a2b3eaa4ad00131e5c33","firstName":"wxy","lastName":"yxw","owner":"65d42f49b421ff00138765fe","__v":0},{"_id":"65d9a2c2c0d7050013a3445f","firstName":"wxy","lastName":"yxw","owner":"65d42f49b421ff00138765fe","__v":0},{"_id":"65d9a2ecc0d7050013a34468","firstName":"wxy","lastName":"yxw","owner":"65d42f49b421ff00138765fe","__v":0},{"_id":"65d9a2fbc0d7050013a3446a","firstName":"wxy","lastName":"yxw","owner":"65d42f49b421ff00138765fe","__v":0},{"_id":"65d9a30aeaa4ad00131e5c41","firstName":"wxy","lastName":"yxw","owner":"65d42f49b421ff00138765fe","__v":0},{"_id":"65d9a319c0d7050013a34470","firstName":"wxy","lastName":"yxw","owner":"65d42f49b421ff00138765fe","__v":0},{"_id":"65d9a328c0d7050013a34474","firstName":"wxy","lastName":"yxw","owner":"65d42f49b421ff00138765fe","__v":0},{"_id":"65d9a352c0d7050013a34477","firstName":"wxy","lastName":"yxw","owner":"65d42f49b421ff00138765fe","__v":0},{"_id":"65d9a365eaa4ad00131e5c4b","firstName":"wxy","lastName":"yxw","owner":"65d42f49b421ff00138765fe","__v":0},{"_id":"65d9a370c0d7050013a3447d","firstName":"wxy","lastName":"yxw","owner":"65d42f49b421ff00138765fe","__v":0},{"_id":"65d9a37fc0d7050013a3447e","firstName":"wxy","lastName":"yxw","owner":"65d42f49b421ff00138765fe","__v":0}]