{
  "FilterHeaders": [
    {
      "Header": "x-goog-update-updater",
      "IncludeInScript": false
    },
    {
      "Header": "x-goog-update-interactivity",
      "IncludeInScript": false
    },
    {
      "Header": "x-goog-update-appid",
      "IncludeInScript": false
    },
    {
      "Header": "user-agent",
      "IncludeInScript": false
    },
    {
      "Header": "upgrade-insecure-requests",
      "IncludeInScript": false
    },
    {
      "Header": "sec-fetch-user",
      "IncludeInScript": false
    },
    {
      "Header": "sec-fetch-site",
      "IncludeInScript": false
    },
    {
      "Header": "sec-fetch-mode",
      "IncludeInScript": false
    },
    {
      "Header": "sec-fetch-dest",
      "IncludeInScript": false
    },
    {
      "Header": "sec-ch-ua-platform",
      "IncludeInScript": false
    },
    {
      "Header": "sec-ch-ua-mobile",
      "IncludeInScript": false
    },
    {
      "Header": "sec-ch-ua",
      "IncludeInScript": false
    },
    {
      "Header": "origin",
      "IncludeInScript": false
    },
    {
      "Header": "if-none-match",
      "IncludeInScript": false
    },
    {
      "Header": "if-modified-since",
      "IncludeInScript": false
    },
    {
      "Header": "authorization",
      "IncludeInScript": false
    },
    {
      "Header": "accept-language",
      "IncludeInScript": false
    },
    {
      "Header": "accept-encoding",
      "IncludeInScript": false
    },
    {
      "Header": "accept",
      "IncludeInScript": false
    },
    {
      "Header": "a-im",
      "IncludeInScript": false
    }
  ],
  "FilterResources": [
    {
      "IsNonResource": true,
      "type": "text/html"
    },
    {
      "IsNonResource": false,
      "type": "text/css"
    },
    {
      "IsNonResource": false,
      "type": "image/png"
    },
    {
      "IsNonResource": true,
      "type": "application/json"
    },
    {
      "IsNonResource": false,
      "type": "application/javascript"
    }
  ],
  "GeneralInfo": {
    "BrowserVersion": "",
    "IsWinInetMode": false,
    "MaxUsedConnections": 6,
    "RecordedBrowser": "Chrome",
    "RecordingDate": "Feb-24-2024",
    "RecordingDuration": 110938,
    "RecordingMode": "N/A",
    "RecordingTimeStamp": 1708761744,
    "RecordingType": "Browser",
    "TotalBytesReceived": 34246,
    "TotalBytesSent": 39758,
    "TotalRequests": 36,
    "UserAgent": "Mozilla/5.0 (Windows NT 10.0; Win64; x64) AppleWebKit/537.36 (KHTML, like Gecko) Chrome/121.0.0.0 Safari/537.36"
  },
  "HostInfo": [
    {
      "DomainName": "herokuapp.com",
      "Domains": [
        {
          "HTTPVersion": "HTTP/1.1",
          "IP": "3.229.186.102",
          "IncludeInScript": true,
          "Name": "thinking-tester-contact-list.herokuapp.com",
          "Port": 443,
          "Requests": [
            {
              "CompressionType": "",
              "DataType": "",
              "DownloadTime": 234,
              "EventId": 160,
              "HttpStatus": 304,
              "Size": 0,
              "URL": "https://thinking-tester-contact-list.herokuapp.com/img/thinkingTesterIcon.png"
            },
            {
              "CompressionType": "",
              "DataType": "",
              "DownloadTime": 234,
              "EventId": 156,
              "HttpStatus": 304,
              "Size": 0,
              "URL": "https://thinking-tester-contact-list.herokuapp.com/css/styles.css"
            },
            {
              "CompressionType": "",
              "DataType": "",
              "DownloadTime": 234,
              "EventId": 154,
              "HttpStatus": 304,
              "Size": 0,
              "URL": "https://thinking-tester-contact-list.herokuapp.com/img/thinkingTesterLogo.png"
            },
            {
              "CompressionType": "",
              "DataType": "",
              "DownloadTime": 219,
              "EventId": 152,
              "HttpStatus": 304,
              "Size": 0,
              "URL": "https://thinking-tester-contact-list.herokuapp.com/js/login.js"
            },
            {
              "CompressionType": "",
              "DataType": "",
              "DownloadTime": 235,
              "EventId": 150,
              "HttpStatus": 304,
              "Size": 0,
              "URL": "https://thinking-tester-contact-list.herokuapp.com/"
            },
            {
              "CompressionType": "",
              "DataType": "",
              "DownloadTime": 250,
              "EventId": 148,
              "HttpStatus": 200,
              "Size": 0,
              "URL": "https://thinking-tester-contact-list.herokuapp.com/users/logout"
            },
            {
              "CompressionType": "",
              "DataType": "",
              "DownloadTime": 234,
              "EventId": 146,
              "HttpStatus": 304,
              "Size": 0,
              "URL": "https://thinking-tester-contact-list.herokuapp.com/img/thinkingTesterIcon.png"
            },
            {
              "CompressionType": "",
              "DataType": "",
              "DownloadTime": 250,
              "EventId": 144,
              "HttpStatus": 304,
              "Size": 0,
              "URL": "https://thinking-tester-contact-list.herokuapp.com/css/styles.css"
            },
            {
              "CompressionType": "",
              "DataType": "application/javascript",
              "DownloadTime": 219,
              "EventId": 142,
              "HttpStatus": 200,
              "Size": 343,
              "URL": "https://thinking-tester-contact-list.herokuapp.com/js/logout.js"
            },
            {
              "CompressionType": "",
              "DataType": "text/html",
              "DownloadTime": 250,
              "EventId": 140,
              "HttpStatus": 200,
              "Size": 234,
              "URL": "https://thinking-tester-contact-list.herokuapp.com/logout"
            },
            {
              "CompressionType": "",
              "DataType": "application/json",
              "DownloadTime": 250,
              "EventId": 135,
              "HttpStatus": 200,
              "Size": 3052,
              "URL": "https://thinking-tester-contact-list.herokuapp.com/contacts"
            },
            {
              "CompressionType": "",
              "DataType": "",
              "DownloadTime": 234,
              "EventId": 133,
              "HttpStatus": 304,
              "Size": 0,
              "URL": "https://thinking-tester-contact-list.herokuapp.com/img/thinkingTesterIcon.png"
            },
            {
              "CompressionType": "",
              "DataType": "",
              "DownloadTime": 234,
              "EventId": 131,
              "HttpStatus": 304,
              "Size": 0,
              "URL": "https://thinking-tester-contact-list.herokuapp.com/css/styles.css"
            },
            {
              "CompressionType": "",
              "DataType": "",
              "DownloadTime": 234,
              "EventId": 129,
              "HttpStatus": 304,
              "Size": 0,
              "URL": "https://thinking-tester-contact-list.herokuapp.com/js/contactList.js"
            },
            {
              "CompressionType": "",
              "DataType": "",
              "DownloadTime": 234,
              "EventId": 127,
              "HttpStatus": 304,
              "Size": 0,
              "URL": "https://thinking-tester-contact-list.herokuapp.com/img/thinkingTesterLogo.png"
            },
            {
              "CompressionType": "",
              "DataType": "",
              "DownloadTime": 234,
              "EventId": 125,
              "HttpStatus": 304,
              "Size": 0,
              "URL": "https://thinking-tester-contact-list.herokuapp.com/contactList"
            },
            {
              "CompressionType": "",
              "DataType": "application/json",
              "DownloadTime": 234,
              "EventId": 123,
              "HttpStatus": 201,
              "Size": 112,
              "URL": "https://thinking-tester-contact-list.herokuapp.com/contacts"
            },
            {
              "CompressionType": "",
              "DataType": "",
              "DownloadTime": 234,
              "EventId": 120,
              "HttpStatus": 304,
              "Size": 0,
              "URL": "https://thinking-tester-contact-list.herokuapp.com/img/thinkingTesterIcon.png"
            },
            {
              "CompressionType": "",
              "DataType": "",
              "DownloadTime": 234,
              "EventId": 116,
              "HttpStatus": 304,
              "Size": 0,
              "URL": "https://thinking-tester-contact-list.herokuapp.com/img/thinkingTesterLogo.png"
            },
            {
              "CompressionType": "",
              "DataType": "",
              "DownloadTime": 235,
              "EventId": 114,
              "HttpStatus": 304,
              "Size": 0,
              "URL": "https://thinking-tester-contact-list.herokuapp.com/css/styles.css"
            },
            {
              "CompressionType": "",
              "DataType": "application/javascript",
              "DownloadTime": 219,
              "EventId": 112,
              "HttpStatus": 200,
              "Size": 2131,
              "URL": "https://thinking-tester-contact-list.herokuapp.com/js/addContact.js"
            },
            {
              "CompressionType": "",
              "DataType": "text/html",
              "DownloadTime": 235,
              "EventId": 110,
              "HttpStatus": 200,
              "Size": 2482,
              "URL": "https://thinking-tester-contact-list.herokuapp.com/addContact"
            },
            {
              "CompressionType": "",
              "DataType": "",
              "DownloadTime": 250,
              "EventId": 98,
              "HttpStatus": 304,
              "Size": 0,
              "URL": "https://thinking-tester-contact-list.herokuapp.com/img/thinkingTesterIcon.png"
            },
            {
              "CompressionType": "",
              "DataType": "application/json",
              "DownloadTime": 234,
              "EventId": 96,
              "HttpStatus": 200,
              "Size": 2939,
              "URL": "https://thinking-tester-contact-list.herokuapp.com/contacts"
            },
            {
              "CompressionType": "",
              "DataType": "application/javascript",
              "DownloadTime": 234,
              "EventId": 92,
              "HttpStatus": 200,
              "Size": 3860,
              "URL": "https://thinking-tester-contact-list.herokuapp.com/js/contactList.js"
            },
            {
              "CompressionType": "",
              "DataType": "",
              "DownloadTime": 234,
              "EventId": 90,
              "HttpStatus": 304,
              "Size": 0,
              "URL": "https://thinking-tester-contact-list.herokuapp.com/img/thinkingTesterLogo.png"
            },
            {
              "CompressionType": "",
              "DataType": "",
              "DownloadTime": 234,
              "EventId": 85,
              "HttpStatus": 304,
              "Size": 0,
              "URL": "https://thinking-tester-contact-list.herokuapp.com/css/styles.css"
            },
            {
              "CompressionType": "",
              "DataType": "text/html",
              "DownloadTime": 235,
              "EventId": 82,
              "HttpStatus": 200,
              "Size": 849,
              "URL": "https://thinking-tester-contact-list.herokuapp.com/contactList"
            },
            {
              "CompressionType": "",
              "DataType": "application/json",
              "DownloadTime": 375,
              "EventId": 80,
              "HttpStatus": 200,
              "Size": 277,
              "URL": "https://thinking-tester-contact-list.herokuapp.com/users/login"
            },
            {
              "CompressionType": "",
              "DataType": "image/png",
              "DownloadTime": 219,
              "EventId": 38,
              "HttpStatus": 200,
              "Size": 1173,
              "URL": "https://thinking-tester-contact-list.herokuapp.com/img/thinkingTesterIcon.png"
            },
            {
              "CompressionType": "",
              "DataType": "application/javascript",
              "DownloadTime": 234,
              "EventId": 34,
              "HttpStatus": 200,
              "Size": 907,
              "URL": "https://thinking-tester-contact-list.herokuapp.com/js/login.js"
            },
            {
              "CompressionType": "",
              "DataType": "image/png",
              "DownloadTime": 250,
              "EventId": 30,
              "HttpStatus": 200,
              "Size": 12718,
              "URL": "https://thinking-tester-contact-list.herokuapp.com/img/thinkingTesterLogo.png"
            },
            {
              "CompressionType": "",
              "DataType": "text/css",
              "DownloadTime": 234,
              "EventId": 26,
              "HttpStatus": 200,
              "Size": 913,
              "URL": "https://thinking-tester-contact-list.herokuapp.com/css/styles.css"
            },
            {
              "CompressionType": "",
              "DataType": "text/html",
              "DownloadTime": 234,
              "EventId": 22,
              "HttpStatus": 200,
              "Size": 1303,
              "URL": "https://thinking-tester-contact-list.herokuapp.com/"
            }
          ],
          "SSLCipher": "ECDHE-RSA-AES128-GCM-SHA256",
          "SSLVersion": "TLS1.2"
        }
      ],
      "IncludeInScript": true
    },
    {
      "DomainName": "googleapis.com",
      "Domains": [
        {
          "HTTPVersion": "HTTP/1.1",
          "IP": "142.250.205.227",
          "IncludeInScript": true,
          "Name": "update.googleapis.com",
          "Port": 443,
          "Requests": [
            {
              "CompressionType": "gzip",
              "DataType": "application/json",
              "DownloadTime": 265,
              "EventId": 106,
              "HttpStatus": 200,
              "Size": 953,
              "URL": "https://update.googleapis.com/service/update2/json?cup2key=13:SDVel8IjnPEVHmaP_kxrYVTWLIkgPPIxsR4LRzfKY9s&cup2hreq=ae1aaa6778a1a5843a2e55503bd53e080dfd878c3d4856af6c5587250b0086da"
            }
          ],
          "SSLCipher": "TLS_AES_256_GCM_SHA384",
          "SSLVersion": "TLS1.3"
        },
        {
          "HTTPVersion": "HTTP/1.1",
          "IP": "142.250.76.35",
          "IncludeInScript": true,
          "Name": "clientservices.googleapis.com",
          "Port": 443,
          "Requests": [
            {
              "CompressionType": "",
              "DataType": "",
              "DownloadTime": 219,
              "EventId": 20,
              "HttpStatus": 304,
              "Size": 0,
              "URL": "https://clientservices.googleapis.com/chrome-variations/seed?osname=win&channel=stable&milestone=121"
            }
          ],
          "SSLCipher": "TLS_AES_256_GCM_SHA384",
          "SSLVersion": "TLS1.3"
        }
      ],
      "IncludeInScript": true
    }
  ],
  "WebSocket": {
    "IncludeInScript": false,
    "IsScriptIncludeWebSocket": false
  },
  "NumberOfCorrelations": 0
}