[{"_id":"65d6f5d1f156650013d4e01f","firstName":"uuu","lastName":"vvv","owner":"65d42f49b421ff00138765fe","__v":0},{"_id":"65d6fb43b58fd7001362ead4","firstName":"uuu","lastName":"vvv","owner":"65d42f49b421ff00138765fe","__v":0},{"_id":"65d6fc03f156650013d4e046","firstName":"uuu","lastName":"vvv","owner":"65d42f49b421ff00138765fe","__v":0},{"_id":"65d70e97b58fd7001362ec74","firstName":"uuu","lastName":"vvv","owner":"65d42f49b421ff00138765fe","__v":0},{"_id":"65d70e99f156650013d4e1ad","firstName":"uuu","lastName":"vvv","owner":"65d42f49b421ff00138765fe","__v":0},{"_id":"65d70e9ef156650013d4e1ae","firstName":"uuu","lastName":"vvv","owner":"65d42f49b421ff00138765fe","__v":0},{"_id":"65d71b62b58fd7001362eda4","firstName":"uuu","lastName":"vvv","owner":"65d42f49b421ff00138765fe","__v":0},{"_id":"65d72081b58fd7001362edc6","firstName":"uuu","lastName":"vvv","owner":"65d42f49b421ff00138765fe","__v":0},{"_id":"65d72109b58fd7001362edd0","firstName":"uuu","lastName":"vvv","owner":"65d42f49b421ff00138765fe","__v":0},{"_id":"65d9854cc0d7050013a342ef","firstName":"wxy","lastName":"yxw","owner":"65d42f49b421ff00138765fe","__v":0}]