[
    {
        "actionName": "Smoke_Test",
        "steps": [
            {
                "stepId": "STEP1",
                "stepName": "Url: thinking-tester-contact-list.herokuapp.com",
                "infFile": "t1.inf",
                "time": 1708763157126
            },
            {
                "stepId": "STEP2",
                "stepName": "Custom Request: login",
                "infFile": "t3.inf",
                "time": 1708763157438
            },
            {
                "stepId": "STEP3",
                "stepName": "Url: contactList",
                "infFile": "t4.inf",
                "time": 1708763157941
            },
            {
                "stepId": "STEP4",
                "stepName": "Custom Request: contacts",
                "infFile": "t5.inf",
                "time": 1708763158224
            },
            {
                "stepId": "STEP5",
                "stepName": "Custom Request: json",
                "infFile": "t6.inf",
                "time": 1708763158715
            },
            {
                "stepId": "STEP6",
                "stepName": "Url: addContact",
                "infFile": "t7.inf",
                "time": 1708763159959
            },
            {
                "stepId": "STEP7",
                "stepName": "Custom Request: contacts_2",
                "infFile": "t8.inf",
                "time": 1708763160267
            },
            {
                "stepId": "STEP8",
                "stepName": "Url: contactList_2",
                "infFile": "t9.inf",
                "time": 1708763160782
            },
            {
                "stepId": "STEP9",
                "stepName": "Custom Request: contacts_3",
                "infFile": "t10.inf",
                "time": 1708763161062
            }
        ],
        "transactions": []
    }
]