[
    {
        "actionName": "vuser_end",
        "steps": [
            {
                "stepId": "STEP10",
                "stepName": "Url: logout",
                "infFile": "t11.inf",
                "time": 1708763161574
            },
            {
                "stepId": "STEP11",
                "stepName": "Url: thinking-tester-contact-list.herokuapp.com_2",
                "infFile": "t13.inf",
                "time": 1708763162349
            }
        ],
        "transactions": []
    }
]