﻿<?xml version="1.0"?>
<!DOCTYPE Report
[
<!ELEMENT Report (General ,(Doc|BPT)) >
<!ATTLIST Report ver CDATA #REQUIRED tmZone CDATA #REQUIRED>

<!ELEMENT General ( DocLocation ) >
<!ATTLIST General productName CDATA #REQUIRED productVer CDATA #REQUIRED os CDATA #REQUIRED host CDATA #REQUIRED qcserver CDATA #IMPLIED qcproject CDATA #IMPLIED SolManSolutionId CDATA #IMPLIED SolManProjectId CDATA #IMPLIED SolManTestPlanId CDATA #IMPLIED SolManTestPackageId CDATA #IMPLIED SolManUserInfoData CDATA #IMPLIED  >

<!ELEMENT BPT (DName,Res,DVer?,TSet?,TInst?,NodeArgs,AdditionalInfo*,Doc*) >
<!ATTLIST BPT rID ID #REQUIRED >

<!ELEMENT Doc (DName,ConfName?,Res,DVer?,TSet?,TInst?,RunType?,DT?,AdditionalInfo*,Step*,DIter*,Step*,Action*,Doc*,Summary?,TestMaintenanceSummary*,NodeArgs?) >
<!ATTLIST Doc rID ID #REQUIRED type (Test|BC|BPTWrapperTest|Flow|Group|Action) "Test" productName CDATA #REQUIRED BCIter CDATA #IMPLIED >

<!ELEMENT RunType ( #PCDATA )>
<!ATTLIST RunType fmStep (False|True) "False" batch (False|True) "False" upDesc (False|True) "False" upChk (False|True) "False" upAS (False|True) "False">

<!ELEMENT DName ( #PCDATA ) >

<!ELEMENT ConfName ( #PCDATA ) >

<!ELEMENT Res ( #PCDATA ) >

<!ELEMENT AdditionalInfo (AdditionalDataName,AdditionalDataValue ) >

<!ELEMENT AdditionalDataName ( #PCDATA ) >

<!ELEMENT AdditionalDataValue ( #PCDATA ) >

<!ELEMENT DVer ( #PCDATA ) >

<!ELEMENT TSet ( #PCDATA ) >

<!ELEMENT TInst ( #PCDATA ) >

<!ELEMENT DIter (Step*,Action+,Summary?,NodeArgs)>
<!ATTLIST DIter rID ID #REQUIRED iterID CDATA #REQUIRED>

<!ELEMENT DocLocation ( #PCDATA )>

<!ELEMENT Action (AName,AIter*,(Step|HtmlStep|Action)*, Summary,ActionMaintenanceSummary*, NodeArgs ) >
<!ATTLIST Action rID ID #REQUIRED>

<!ELEMENT AIter ((Step|HtmlStep|Action)*,DataMapping?, Summary?,NodeArgs) >
<!ATTLIST AIter rID ID #REQUIRED iterID CDATA #REQUIRED isCountable (False|True) "False" >

<!ELEMENT AName ( #PCDATA ) >

<!ELEMENT TestMaintenanceSummary (ActionMaintenanceSummary*) >
<!ATTLIST TestMaintenanceSummary ObjectsAdded CDATA #REQUIRED ObjectsUpdated CDATA #REQUIRED StepsUpdated CDATA #REQUIRED StepsComments CDATA #REQUIRED><!ELEMENT ActionMaintenanceSummary (ObjectChange* ) >
<!ATTLIST ActionMaintenanceSummary Action CDATA #REQUIRED Objects CDATA #REQUIRED Updated CDATA #REQUIRED LinesTotal CDATA #REQUIRED Added CDATA #REQUIRED LinesUpdated CDATA #REQUIRED>

<!ELEMENT ObjectChange  (Hierarchy, PropertyChangeList* ) >
<!ATTLIST ObjectChange Operation CDATA #IMPLIED OriginalRepository CDATA #IMPLIED>

<!ELEMENT PropertyChangeList (PropertyDef*) >

<!ELEMENT PropertyDef (OriginalValue, NewValue) >
<!ATTLIST PropertyDef PropName CDATA #REQUIRED OriginRegularExpression (True|False) "False" NewRegularExpression (True|False) "False" AddedProperty (True|False) "False" >

<!ELEMENT OriginalValue ( #PCDATA )>

<!ELEMENT NewValue ( #PCDATA )>

<!ELEMENT Hierarchy  (ObjectName, Hierarchy*) >
<!ATTLIST Hierarchy MicClass CDATA #REQUIRED>

<!ELEMENT ObjectName  ( #PCDATA ) >

<!ELEMENT Step (Obj,Details,Time,TimeTick* ,(Step|HtmlStep|Doc)*, DataMapping?, NodeArgs) >
<!ATTLIST Step rID ID #REQUIRED retval CDATA #IMPLIED>

<!ELEMENT HtmlStep (HTML,TimeTick*,(Step|HtmlStep|Doc)*,NodeArgs) >
<!ATTLIST HtmlStep rID ID #REQUIRED >

<!ELEMENT Obj ( #PCDATA ) >
<!ATTLIST Obj plainTxt (False|True) "True">

<!ELEMENT Details ( #PCDATA ) >
<!ATTLIST Details plainTxt (False|True) "True">

<!ELEMENT Time ( #PCDATA ) >

<!ELEMENT HTML ( #PCDATA ) >

<!ELEMENT Disp ( #PCDATA ) >

<!ELEMENT TimeTick ( #PCDATA ) >

<!ELEMENT DataMapping ( DataMappedItem* )>
<!ELEMENT DataMappedItem EMPTY >
<!ATTLIST DataMappedItem dsName CDATA #REQUIRED >
<!ATTLIST DataMappedItem rowId CDATA #REQUIRED >

<!ELEMENT NodeArgs (Disp,TopPane?,BtmPane?,ExtendedInfo? )>
<!ATTLIST NodeArgs eType CDATA #REQUIRED icon CDATA #REQUIRED nRep CDATA #REQUIRED UserNote CDATA #IMPLIED filter (False|True) "True">
<!ATTLIST NodeArgs status (Passed|Failed|Done|Warning|Information) "Done">
<!ATTLIST NodeArgs iconSel CDATA #IMPLIED nType CDATA #IMPLIED MovieMarker CDATA "">
<!ATTLIST NodeArgs Source CDATA #IMPLIED SourceLine CDATA #IMPLIED StepFlowItemKey CDATA #IMPLIED >

<!ELEMENT TopPane (Path)>

<!ELEMENT BtmPane ( (Path|WR)?,ASHilite?)>
<!ATTLIST BtmPane vType CDATA "HTML">

<!ELEMENT Path ( #PCDATA ) >

<!ELEMENT ASHilite ( #PCDATA ) >

<!ELEMENT WR ( #PCDATA ) >

<!ELEMENT ExtendedInfo ( StepData ) >

<!ATTLIST ExtendedInfo StepType CDATA #REQUIRED>
<!ELEMENT DT (NodeArgs) >
<!ATTLIST DT rID ID #REQUIRED>

<!ELEMENT Summary (Param*)>
<!ATTLIST Summary sTime CDATA #IMPLIED eTime CDATA #IMPLIED passed CDATA #IMPLIED failed CDATA #IMPLIED warnings CDATA #IMPLIED retval CDATA #IMPLIED stopped (False|True) "False" >

<!ELEMENT Param (ParamName,ParamVal)+ >
<!ATTLIST Param paramInOut (In|Out) "In">

<!ELEMENT ParamName ( #PCDATA ) >

<!ELEMENT ParamVal ( #PCDATA ) >

]
>
<Report ver="2.0" tmZone="India Standard Time">
<General productName="Vugen" productVer="2023" os="" host="603D42843D1856B"><DocLocation><![CDATA[D:\FinalExam\Smoke]]></DocLocation></General>
<Doc rID="T1"   productName= "Vugen"  >
<DName><![CDATA[Smoke]]></DName>
<Res><![CDATA[result1]]></Res>
<Action rID="T2">
<AName><![CDATA[vuser_init]]></AName>
<Summary sTime="24-02-2024 - 13:55:54" eTime="24-02-2024 - 13:55:54" passed="0" failed="0" warnings="0" ></Summary>
<NodeArgs eType="StartAction" icon="2" nRep="5" >
<Disp><![CDATA[vuser_init Summary]]></Disp>
</NodeArgs>
</Action>
<DIter rID="T3" iterID="1" >
<Action rID="T4">
<AName><![CDATA[Smoke_Test]]></AName>
<Step rID="T5">
<Obj plainTxt="False" ><![CDATA[Service: Set Sockets Option]]></Obj>
<Details plainTxt="False" ><![CDATA[<CENTER>Set socket option <STRONG><FONT COLOR=#00AF00>SSL_VERSION</FONT></STRONG> with value <STRONG><FONT COLOR=#00AF00>AUTO</FONT></STRONG></CENTER>]]></Details>
<Time><![CDATA[24-02-2024 - 13:55:54]]></Time>
<TimeTick>1708763154</TimeTick>
<NodeArgs eType="General" icon="4" nRep="9" >
<Disp><![CDATA[Service: Set Sockets Option]]></Disp>
</NodeArgs>
</Step>
<Step rID="T6">
<Obj plainTxt="False" ><![CDATA[Url: thinking-tester-contact-list.herokuapp.com]]></Obj>
<Details plainTxt="False" ><![CDATA[<CENTER><STRONG><FONT COLOR=#009A63>Step completed successfully</FONT></STRONG></CENTER>]]></Details>
<Time><![CDATA[24-02-2024 - 13:55:57]]></Time>
<TimeTick>1708763157</TimeTick>
<NodeArgs eType="General" icon="5" nRep="10" status="Passed" >
<Disp><![CDATA[Url: thinking-tester-contact-list.herokuapp.com]]></Disp>
<BtmPane vType="HTMLSNSH" >
<Path><![CDATA[\Iteration1\t1.inf]]></Path>
</BtmPane>
</NodeArgs>
</Step>
<Step rID="T7">
<Obj plainTxt="False" ><![CDATA[Service: Reg Save Param RegExp]]></Obj>
<Details plainTxt="False" ><![CDATA[<CENTER>ParamName = <STRONG><FONT COLOR=#00AF00>tokenParam</FONT></STRONG><BR>RegExp = <STRONG><FONT COLOR=#00AF00>"token":"([^&]+)"</FONT></STRONG><BR>Instance = <STRONG><FONT COLOR=#00AF00>1</FONT></STRONG></CENTER>]]></Details>
<Time><![CDATA[24-02-2024 - 13:55:57]]></Time>
<TimeTick>1708763157</TimeTick>
<NodeArgs eType="General" icon="6" nRep="11" >
<Disp><![CDATA[Service: Reg Save Param RegExp]]></Disp>
</NodeArgs>
</Step>
<Step rID="T8">
<Obj plainTxt="False" ><![CDATA[Custom Request: login]]></Obj>
<Details plainTxt="False" ><![CDATA[<CENTER><STRONG><FONT COLOR=#009A63>Step completed successfully</FONT></STRONG></CENTER>]]></Details>
<Time><![CDATA[24-02-2024 - 13:55:57]]></Time>
<TimeTick>1708763157</TimeTick>
<NodeArgs eType="General" icon="7" nRep="12" status="Passed" >
<Disp><![CDATA[Custom Request: login]]></Disp>
<BtmPane vType="HTMLSNSH" >
<Path><![CDATA[\Iteration1\t3.inf]]></Path>
</BtmPane>
</NodeArgs>
</Step>
<Step rID="T9">
<Obj plainTxt="False" ><![CDATA[Url: contactList]]></Obj>
<Details plainTxt="False" ><![CDATA[<CENTER><STRONG><FONT COLOR=#009A63>Step completed successfully</FONT></STRONG></CENTER>]]></Details>
<Time><![CDATA[24-02-2024 - 13:55:57]]></Time>
<TimeTick>1708763157</TimeTick>
<NodeArgs eType="General" icon="5" nRep="13" status="Passed" >
<Disp><![CDATA[Url: contactList]]></Disp>
<BtmPane vType="HTMLSNSH" >
<Path><![CDATA[\Iteration1\t4.inf]]></Path>
</BtmPane>
</NodeArgs>
</Step>
<Step rID="T10">
<Obj plainTxt="False" ><![CDATA[Service: Add Auto Header]]></Obj>
<Details plainTxt="False" ><![CDATA[<CENTER>Add the following header to all subsequent HTTP requests :<BR><STRONG><FONT COLOR=#00AF00>Authorization: Bearer eyJhbGciOiJIUzI1NiIsInR5cCI6IkpXVCJ9.eyJfaWQiOiI2NWQ0MmY0OWI0MjFmZjAwMTM4NzY1ZmUiLCJpYXQiOjE3MDg3NjQ3Mjl9.kVwyPv7-WC8zncMfnHjP2Wugg6FYeaYtp-WtMZhYwxY</FONT></STRONG></CENTER>]]></Details>
<Time><![CDATA[24-02-2024 - 13:55:57]]></Time>
<TimeTick>1708763157</TimeTick>
<NodeArgs eType="General" icon="8" nRep="14" >
<Disp><![CDATA[Service: Add Auto Header]]></Disp>
</NodeArgs>
</Step>
<Step rID="T11">
<Obj plainTxt="False" ><![CDATA[Custom Request: contacts]]></Obj>
<Details plainTxt="False" ><![CDATA[<CENTER><STRONG><FONT COLOR=#009A63>Step completed successfully</FONT></STRONG></CENTER>]]></Details>
<Time><![CDATA[24-02-2024 - 13:55:58]]></Time>
<TimeTick>1708763158</TimeTick>
<NodeArgs eType="General" icon="7" nRep="15" status="Passed" >
<Disp><![CDATA[Custom Request: contacts]]></Disp>
<BtmPane vType="HTMLSNSH" >
<Path><![CDATA[\Iteration1\t5.inf]]></Path>
</BtmPane>
</NodeArgs>
</Step>
<Step rID="T12">
<Obj plainTxt="False" ><![CDATA[Service: Set Sockets Option]]></Obj>
<Details plainTxt="False" ><![CDATA[<CENTER>Set socket option <STRONG><FONT COLOR=#00AF00>TLS_SNI</FONT></STRONG> with value <STRONG><FONT COLOR=#00AF00>0</FONT></STRONG></CENTER>]]></Details>
<Time><![CDATA[24-02-2024 - 13:55:58]]></Time>
<TimeTick>1708763158</TimeTick>
<NodeArgs eType="General" icon="4" nRep="16" >
<Disp><![CDATA[Service: Set Sockets Option]]></Disp>
</NodeArgs>
</Step>
<Step rID="T13">
<Obj plainTxt="False" ><![CDATA[Custom Request: json]]></Obj>
<Details plainTxt="False" ><![CDATA[<CENTER><STRONG><FONT COLOR=#009A63>Step completed successfully</FONT></STRONG></CENTER>]]></Details>
<Time><![CDATA[24-02-2024 - 13:55:58]]></Time>
<TimeTick>1708763158</TimeTick>
<NodeArgs eType="General" icon="7" nRep="17" status="Passed" >
<Disp><![CDATA[Custom Request: json]]></Disp>
<BtmPane vType="HTMLSNSH" >
<Path><![CDATA[\Iteration1\t6.inf]]></Path>
</BtmPane>
</NodeArgs>
</Step>
<Step rID="T14">
<Obj plainTxt="False" ><![CDATA[Url: addContact]]></Obj>
<Details plainTxt="False" ><![CDATA[<CENTER><STRONG><FONT COLOR=#009A63>Step completed successfully</FONT></STRONG></CENTER>]]></Details>
<Time><![CDATA[24-02-2024 - 13:55:59]]></Time>
<TimeTick>1708763159</TimeTick>
<NodeArgs eType="General" icon="5" nRep="18" status="Passed" >
<Disp><![CDATA[Url: addContact]]></Disp>
<BtmPane vType="HTMLSNSH" >
<Path><![CDATA[\Iteration1\t7.inf]]></Path>
</BtmPane>
</NodeArgs>
</Step>
<Step rID="T15">
<Obj plainTxt="False" ><![CDATA[Service: Set Sockets Option]]></Obj>
<Details plainTxt="False" ><![CDATA[<CENTER>Set socket option <STRONG><FONT COLOR=#00AF00>TLS_SNI</FONT></STRONG> with value <STRONG><FONT COLOR=#00AF00>1</FONT></STRONG></CENTER>]]></Details>
<Time><![CDATA[24-02-2024 - 13:55:59]]></Time>
<TimeTick>1708763159</TimeTick>
<NodeArgs eType="General" icon="4" nRep="19" >
<Disp><![CDATA[Service: Set Sockets Option]]></Disp>
</NodeArgs>
</Step>
<Step rID="T16">
<Obj plainTxt="False" ><![CDATA[Custom Request: contacts_2]]></Obj>
<Details plainTxt="False" ><![CDATA[<CENTER><STRONG><FONT COLOR=#009A63>Step completed successfully</FONT></STRONG></CENTER>]]></Details>
<Time><![CDATA[24-02-2024 - 13:56:00]]></Time>
<TimeTick>1708763160</TimeTick>
<NodeArgs eType="General" icon="7" nRep="20" status="Passed" >
<Disp><![CDATA[Custom Request: contacts_2]]></Disp>
<BtmPane vType="HTMLSNSH" >
<Path><![CDATA[\Iteration1\t8.inf]]></Path>
</BtmPane>
</NodeArgs>
</Step>
<Step rID="T17">
<Obj plainTxt="False" ><![CDATA[Url: contactList_2]]></Obj>
<Details plainTxt="False" ><![CDATA[<CENTER><STRONG><FONT COLOR=#009A63>Step completed successfully</FONT></STRONG></CENTER>]]></Details>
<Time><![CDATA[24-02-2024 - 13:56:00]]></Time>
<TimeTick>1708763160</TimeTick>
<NodeArgs eType="General" icon="5" nRep="21" status="Passed" >
<Disp><![CDATA[Url: contactList_2]]></Disp>
<BtmPane vType="HTMLSNSH" >
<Path><![CDATA[\Iteration1\t9.inf]]></Path>
</BtmPane>
</NodeArgs>
</Step>
<Step rID="T18">
<Obj plainTxt="False" ><![CDATA[Custom Request: contacts_3]]></Obj>
<Details plainTxt="False" ><![CDATA[<CENTER><STRONG><FONT COLOR=#009A63>Step completed successfully</FONT></STRONG></CENTER>]]></Details>
<Time><![CDATA[24-02-2024 - 13:56:01]]></Time>
<TimeTick>1708763161</TimeTick>
<NodeArgs eType="General" icon="7" nRep="22" status="Passed" >
<Disp><![CDATA[Custom Request: contacts_3]]></Disp>
<BtmPane vType="HTMLSNSH" >
<Path><![CDATA[\Iteration1\t10.inf]]></Path>
</BtmPane>
</NodeArgs>
</Step>
<Summary sTime="24-02-2024 - 13:55:54" eTime="24-02-2024 - 13:56:01" passed="9" failed="0" warnings="0" ></Summary>
<NodeArgs eType="StartAction" icon="2" nRep="8" status="Passed" >
<Disp><![CDATA[Smoke_Test Summary]]></Disp>
</NodeArgs>
</Action>
<NodeArgs eType="StartIteration" icon="3" nRep="7" status="Passed" >
<Disp><![CDATA[Smoke Iteration 1 (Row 1)]]></Disp>
</NodeArgs>
</DIter>
<Action rID="T19">
<AName><![CDATA[vuser_end]]></AName>
<Step rID="T20">
<Obj plainTxt="False" ><![CDATA[Url: logout]]></Obj>
<Details plainTxt="False" ><![CDATA[<CENTER><STRONG><FONT COLOR=#009A63>Step completed successfully</FONT></STRONG></CENTER>]]></Details>
<Time><![CDATA[24-02-2024 - 13:56:01]]></Time>
<TimeTick>1708763161</TimeTick>
<NodeArgs eType="General" icon="5" nRep="26" status="Passed" >
<Disp><![CDATA[Url: logout]]></Disp>
<BtmPane vType="HTMLSNSH" >
<Path><![CDATA[\Iteration1\t11.inf]]></Path>
</BtmPane>
</NodeArgs>
</Step>
<Step rID="T21">
<Obj plainTxt="False" ><![CDATA[Custom Request: logout_2]]></Obj>
<Details plainTxt="False" ><![CDATA[<CENTER><STRONG><FONT COLOR=#009A63>Resource of content type ""DummyContentType"" loaded successfully</FONT></STRONG></CENTER>]]></Details>
<Time><![CDATA[24-02-2024 - 13:56:01]]></Time>
<TimeTick>1708763161</TimeTick>
<NodeArgs eType="General" icon="7" nRep="27" status="Passed" >
<Disp><![CDATA[Custom Request: logout_2]]></Disp>
</NodeArgs>
</Step>
<Step rID="T22">
<Obj plainTxt="False" ><![CDATA[Url: thinking-tester-contact-list.herokuapp.com_2]]></Obj>
<Details plainTxt="False" ><![CDATA[<CENTER><STRONG><FONT COLOR=#009A63>Step completed successfully</FONT></STRONG></CENTER>]]></Details>
<Time><![CDATA[24-02-2024 - 13:56:02]]></Time>
<TimeTick>1708763162</TimeTick>
<NodeArgs eType="General" icon="5" nRep="28" status="Passed" >
<Disp><![CDATA[Url: thinking-tester-contact-list.herokuapp.com_2]]></Disp>
<BtmPane vType="HTMLSNSH" >
<Path><![CDATA[\Iteration1\t13.inf]]></Path>
</BtmPane>
</NodeArgs>
</Step>
<Summary sTime="24-02-2024 - 13:56:01" eTime="24-02-2024 - 13:56:02" passed="3" failed="0" warnings="0" ></Summary>
<NodeArgs eType="StartAction" icon="2" nRep="25" status="Passed" >
<Disp><![CDATA[vuser_end Summary]]></Disp>
</NodeArgs>
</Action>
<Summary sTime="24-02-2024 - 13:55:54" eTime="24-02-2024 - 13:56:02" passed="12" failed="0" warnings="0" ></Summary>
<NodeArgs eType="StartTest" icon="1" nRep="4" status="Passed" >
<Disp><![CDATA[Test Smoke Summary]]></Disp>
</NodeArgs>
</Doc>
</Report>