[
    {
        "actionName": "vuser_init",
        "steps": [
            {
                "stepId": "STEP1",
                "stepName": "Url: thinking-tester-contact-list.herokuapp.com",
                "infFile": "t1.inf",
                "time": 1708763698537
            },
            {
                "stepId": "STEP2",
                "stepName": "Custom Request: json",
                "infFile": "t2.inf",
                "time": 1708763699069
            },
            {
                "stepId": "STEP3",
                "stepName": "Custom Request: login",
                "infFile": "t4.inf",
                "time": 1708763699345
            }
        ],
        "transactions": []
    }
]